Product Name,Category,Price,Rating,Reviews_Text,No_of_Reviews
JK Taximax 4 Wheeler Tyre,Tyres,"₹3,099",4.2,(6),6
JK TYRE UX Royale 4 Wheeler Tyre,Tyres,"₹4,183",3.9,(55),55
TVS Eurogrip ATT 52 2.75 - 18 42 P Front Two Wheeler Tyre,Tyres,₹884,4.2,(734),734
CEAT 105918 Milaze TL 53J SW 90/100-10 Front & Rear Two Wheeler Tyre,Tyres,"₹1,082",4.3,"(21,317)",21317
MRF Nylogrip FE 90/100 R10 Front & Rear Two Wheeler Tyre,Tyres,"₹1,215",4.3,(370),370
Goodyear Kelly 82T VFM 7 4 Wheeler Tyre,Tyres,"₹3,670",4.2,(951),951
JK TYRE Blaze BA21 90/90-12 Front & Rear Two Wheeler Tyre,Tyres,₹880,4.2,"(3,794)",3794
jk tyres 175/65 R14 TAXIMAX TL 4 Wheeler Tyre,Tyres,"₹3,799",,,0
JK TYRE 80/100-18 BLAZE RYDR BF34 TUBELESS BIKE FRONT TYRE Front Two Wheeler Tyre,Tyres,"₹1,199",4.2,(780),780
Apollo Amazer 4G Life 165/80 R14 85T Tubeless Car Tyre 4 Wheeler Tyre,Tyres,"₹6,219",4.4,(399),399
JK TYRE ULTIMA NEO 4 Wheeler Tyre,Tyres,"₹2,324",4,(737),737
JK TYRE Ultima Hi Life 74 T 4 Wheeler Tyre,Tyres,"₹2,542",4.4,"(1,152)",1152
CEAT 130/70R17 130/70R17 Rear Two Wheeler Tyre,Tyres,"₹2,341",4.3,(399),399
Continental 175/65 R15 ULTRACONTACT UC6 84H TUBELESS TYRE 4 Wheeler Tyre,Tyres,"₹5,804",,,0
Apollo Amazer 4G Life 165/80 R14 85T Tubeless Car Tyre 4 Wheeler Tyre,Tyres,"₹3,353",4.4,(550),550
"CEAT 90/100-10 53j 43,4X9X43.4 Front & Rear Two Wheeler Tyre",Tyres,"₹1,086",4.3,"(1,317)",1317
Goodyear Kelly VFM6 4 Wheeler Tyre,Tyres,"₹4,304",4,(80),80
JK RANGER H/T 4 Wheeler Tyre,Tyres,"₹10,855",4.6,(21),21
GOODYEAR INDIA LIMITED ASSURANCE TRIPLEMAX 4 Wheeler Tyre,Tyres,"₹4,900",,,0
Apollo ACTIZIP S2 90/100-10 REAR AND FRONT TUBELESS TYRE 10 Front & Rear Two Wheeler Tyre,Tyres,"₹1,059",4.3,(229),229
Goodyear Kelly VFM3 4 Wheeler Tyre,Tyres,"₹2,892",4.1,"(1,098)",1098
JK TYRE Ranger X A/T 4 Wheeler Tyre,Tyres,"₹11,061",4.5,(42),42
Apollo Amazer 4G Life 165/80 R14 85T Tubeless Car Tyre 4 Wheeler Tyre,Tyres,"₹9,290",4.4,(28),28
Apollo 74 T Amazer 4G Life 4 Wheeler Tyre,Tyres,"₹2,682",4.3,(196),196
Ralco TYRE 120/70-14 120/70-14 Front & Rear Two Wheeler Tyre,Tyres,"₹1,734",4.5,(46),46
CEAT 140/70 14 140/70 14 Rear Two Wheeler Tyre,Tyres,"₹2,265",4.1,(167),167
Goodyear Kelly VFM2 4 Wheeler Tyre,Tyres,"₹2,259",3.8,(20),20
JK TYRE RANGER HT2 4 Wheeler Tyre,Tyres,"₹5,387",3.9,(17),17
jk tyres 155/80 R13 TAXIMAX TL 4 Wheeler Tyre,Tyres,"₹3,251",,,0
Ralco 90/100-10 speed 90/100-10 Rear Two Wheeler Tyre,Tyres,"₹1,186",4,(226),226
JK TYRE Taximax 4 Wheeler Tyre,Tyres,"₹4,147",4.4,"(1,348)",1348
JK TYRE 135/70r12 4 Wheeler Tyre,Tyres,"₹2,115",4.4,(96),96
JK TYRE 1S15290A12540JA210BLAZE BA21 90/100-10 Front & Rear Two Wheeler Tyre,Tyres,"₹1,245",4,"(5,555)",5555
CEAT FUELSMARRT TL 81T 4 Wheeler Tyre,Tyres,"₹3,043",4.3,"(1,115)",1115
GOODYEAR INDIA LIMITED WRL AT SILENTTRAC 4 Wheeler Tyre,Tyres,"₹17,150",,,0
"JK TYRE 140/70/17 BLAZE RYDR BR43 Tubeless Bike Tyre, Rear Rear Two Wheeler Tyre",Tyres,"₹2,826",4,(352),352
Apollo AMAZER 74T AMAZER 4G LIFE 4 Wheeler Tyre,Tyres,"₹2,832",3.9,(16),16
JK TYRE Taximax 85 S 4 Wheeler Tyre,Tyres,"₹2,957",4.3,"(1,047)",1047
JK TYRE 110/80-R12 BLAZE REAR TVS ENTORQ 125 RYDR Rear Two Wheeler Tyre,Tyres,"₹2,474",4.3,"(1,254)",1254
MRF 140/60 R17 63P Revz MG Rear Tubeless tyre ( NEW MODEL ) 140/60 R17 Rear Two Wheeler Tyre,Tyres,"₹3,554",4.3,(229),229
JK Taximax 4 Wheeler Tyre,Tyres,"₹3,099",4.2,(6),6
JK TYRE UX Royale 4 Wheeler Tyre,Tyres,"₹4,183",3.9,(55),55
VK TYRE SMART RIDER 2.75-18 Front Two Wheeler Tyre,Tyres,"₹1,242",4,(794),794
GOODYEAR INDIA LIMITED ASSURANCE TRIPLEMAX 2 4 Wheeler Tyre,Tyres,"₹6,700",,,0
Apollo ALPHA S1 140/60 R17 63H TUBELESS BIKE TYRE Rear Two Wheeler Tyre,Tyres,"₹3,663",4.2,(288),288
MRF 215/75R15 WANDER XT TUBE LESS TYRE FOR BOLERO 4 Wheeler Tyre,Tyres,"₹6,088",4.3,(38),38
Goodyear Kelly 82T VFM 7 4 Wheeler Tyre,Tyres,"₹3,670",4.2,(951),951
JK TYRE ULTIMA NEO 4 Wheeler Tyre,Tyres,"₹2,324",4,(737),737
JK TYRE 215/60R17 UX ROYAL TUBE LESS CAR TYRE 4 Wheeler Tyre,Tyres,"₹4,887",4.4,(199),199
JK TYRE 205/65 R16 4 Wheeler Tyre,Tyres,"₹4,930",4.3,(57),57
JK TYRE Ultima Hi Life 74 T 4 Wheeler Tyre,Tyres,"₹2,542",4.4,"(1,152)",1152
Goodyear Kelly VFM6 4 Wheeler Tyre,Tyres,"₹4,304",4,(80),80
MRF ZEC 135/70 R12 65S 4 Wheeler Tyre,Tyres,"₹2,299",4.5,(164),164
Apollo 90/100-10 53J ACTIZIP S1 (TL)-D 90/100-10 Front & Rear Two Wheeler Tyre,Tyres,"₹1,117",4.3,"(1,009)",1009
CEAT 215/75R15 CrossDrive AT TL 100S SUV Tyre 4 Wheeler Tyre,Tyres,"₹5,490",4.3,(241),241
Apollo 90/100-10 53P ACTIGRIP S5 TL -D 90/100-10 Front & Rear Two Wheeler Tyre,Tyres,"₹1,159",4.2,(172),172
JK RANGER H/T 4 Wheeler Tyre,Tyres,"₹10,855",4.6,(21),21
Goodyear Kelly VFM3 4 Wheeler Tyre,Tyres,"₹2,892",4.1,"(1,098)",1098
Apollo ACTIZIP S2 90/90-12 Front Two Wheeler Tyre,Tyres,"₹1,128",4.3,(252),252
MRF ZLX 4 Wheeler Tyre,Tyres,"₹3,723",4.2,(111),111
JK TYRE Ranger X A/T 4 Wheeler Tyre,Tyres,"₹11,061",4.5,(42),42
Goodyear Kelly VFM2 4 Wheeler Tyre,Tyres,"₹2,259",3.8,(20),20
Apollo ActiGrip S5 Tubeless 90/90-12 Rear Two Wheeler Tyre,Tyres,"₹1,211",4.2,(54),54
Apollo Alnac 4g 4 Wheeler Tyre,Tyres,"₹5,565",4.2,(141),141
MRF 110/90-18 110/90-18 Rear Two Wheeler Tyre,Tyres,"₹2,376",4.1,(93),93
Apollo 140/70-17 140 /70 -17 Rear Two Wheeler Tyre,Tyres,"₹2,992",4.5,(442),442
JK TYRE RANGER HT2 4 Wheeler Tyre,Tyres,"₹5,387",3.9,(17),17
MRF FG 90/90 -12 54J 0 Front & Rear Two Wheeler Tyre,Tyres,"₹1,326",4.3,(377),377
Apollo Amazer 4G Life 165/80 R14 85T Tubeless Car Tyre 4 Wheeler Tyre,Tyres,"₹12,422",4.4,(367),367
MRF 140/70-17 M/C 66H REVZ S TUBELESS BIKE TYRE TUBELESS TYRE Rear Two Wheeler Tyre,Tyres,"₹3,761",4.3,(62),62
MRF REVZ-Y 140/60 R17 Tubeless Motorcycle Tyre Rear Two Wheeler Tyre,Tyres,"₹3,021",4.3,(311),311
"MRF ZAPPER C 120/80 R17 61P Tubeless Motorcycle Rear Tyre (Dual Sport, Street, Racing Slicks, Tube Less) Rear Two Wheeler Tyre",Tyres,"₹2,521",4.2,(61),61
JK TYRE Taximax 85 S 4 Wheeler Tyre,Tyres,"₹11,242",4.6,(211),211
Ralco 120/70 12 120/70 12 Rear Two Wheeler Tyre,Tyres,"₹1,576",4,(72),72
JK TYRE UX ROYALE 4 Wheeler Tyre,Tyres,"₹18,098",4.5,(149),149
MRF Zapper-FX1 100/80-17 TL 100/80-17 FX1 Front Two Wheeler Tyre,Tyres,"₹2,048",4.4,(967),967
Apollo F2 TL 90/90-17 Front Two Wheeler Tyre,Tyres,"₹1,480",4.3,(967),967
Apollo APTERRA CROSS 4 Wheeler Tyre,Tyres,"₹5,263",4.5,(17),17
Ralco 90/100 10 blaster f 90/100-10 Front Two Wheeler Tyre,Tyres,"₹1,488",4.5,(11),11
MRF 110/90-10 110/90-10 Rear Two Wheeler Tyre,Tyres,"₹1,949",4.3,(91),91
JK Taximax 4 Wheeler Tyre,Tyres,"₹3,099",4.2,(6),6
JK TYRE UX Royale 4 Wheeler Tyre,Tyres,"₹4,183",3.9,(55),55
MRF 110/90-18 M/C 61 P MOGRIP METEOR-M TUBE TYPE BIKE REAR TYRE Rear Two Wheeler Tyre,Tyres,"₹2,526",4.4,(155),155
Ralco 90/90-19 90/90-19 Front Two Wheeler Tyre,Tyres,"₹2,289",3.1,(15),15
JK TYRE Ranger X A/T 4 Wheeler Tyre,Tyres,"₹11,061",4.5,(42),42
MRF 140/60 R17 63H Revz STEEL SPORT Radial ( New model ) 140/60 R17 Rear Two Wheeler Tyre,Tyres,"₹3,242",4.8,(4),4
Goodyear Kelly 82T VFM 7 4 Wheeler Tyre,Tyres,"₹3,670",4.2,(951),951
JK TYRE ULTIMA NEO 4 Wheeler Tyre,Tyres,"₹2,324",4,(737),737
CEAT 130/90 15 tyre 130/90 15 tyre Rear Two Wheeler Tyre,Tyres,"₹2,478",4.4,(8),8
MRF 130/80-12 TYRE 130/80-12 TYRE Rear Two Wheeler Tyre,Tyres,"₹2,849",4.3,(87),87
JK TYRE Ultima Hi Life 74 T 4 Wheeler Tyre,Tyres,"₹2,542",4.4,"(1,152)",1152
Goodyear Kelly VFM6 4 Wheeler Tyre,Tyres,"₹4,304",4,(80),80
MRF 90/90-12 54J ZAPPER N TL ( NEW MODEL) 90/90-12 54J ZAPPER-N Front & Rear Two Wheeler Tyre,Tyres,"₹1,562",4.4,(189),189
MRF 120/80-12 120/80-12 Rear Two Wheeler Tyre,Tyres,"₹2,599",4.3,(131),131
Apollo TRAMPLR ST 90/90 R17 Front Two Wheeler Tyre,Tyres,"₹1,593",4.2,(306),306
JK TYRE Blaze BA23 90/100 10 Front & Rear Two Wheeler Tyre,Tyres,"₹1,299",4.3,"(1,622)",1622
JK RANGER H/T 4 Wheeler Tyre,Tyres,"₹10,855",4.6,(21),21
Goodyear Kelly VFM3 4 Wheeler Tyre,Tyres,"₹2,892",4.1,"(1,098)",1098
MRF 235/60R18 103H TUBELESS 4 Wheeler Tyre,Tyres,"₹11,093",5,(2),2
MRF ZAPPER C 120/80 R17 61P Tubeless Motorcycle Rear Two Wheeler Tyre,Tyres,"₹2,486",4.3,(187),187
JK TYRE Ranger X A/T 4 Wheeler Tyre,Tyres,"₹11,061",4.5,(42),42
Goodyear Kelly VFM2 4 Wheeler Tyre,Tyres,"₹2,259",3.8,(20),20
Apollo 95H ALNAC 4GS (MS) TL 4 Wheeler Tyre,Tyres,"₹5,240",4.3,(161),161
Apollo 150/60 ZR17 66W ALPHA H1 TL -D 150/60R17 Front & Rear Two Wheeler Tyre,Tyres,"₹5,273",4.3,(164),164
Apollo Alpha H1 110/70 ZR17 Front Two Wheeler Tyre,Tyres,"₹4,499",4.5,(606),606
JK TYRE 80/100-18 Blaze BF64 80/100-18 Blaze BF64 Front Two Wheeler Tyre,Tyres,"₹1,216",4.6,(23),23
JK TYRE RANGER HT2 4 Wheeler Tyre,Tyres,"₹5,387",3.9,(17),17
JK TYRE 215/55 R17 UX1 4 Wheeler Tyre,Tyres,"₹5,100",4.1,(24),24
TVS 100/80 12 100/80 12 Front Two Wheeler Tyre,Tyres,"₹1,559",4.4,(262),262
TVS 110/80-17 110/80-17 Rear Two Wheeler Tyre,Tyres,"₹1,820",4.3,(338),338
MRF ZAPPER N 110/80 12 Rear Two Wheeler Tyre,Tyres,"₹1,961",4.2,(133),133
MRF 90/90-12 ZAPPER FG-TL 90/90-12 Front & Rear Two Wheeler Tyre,Tyres,"₹1,435",4.3,(795),795
TVS Tyre 110/90-10 ATT 775 110/90-10 Rear Two Wheeler Tyre,Tyres,"₹1,417",4.2,(260),260
MRF zapper c1 90/100/10 Front & Rear Two Wheeler Tyre,Tyres,"₹1,584",4.4,(72),72
MRF 6.00-16 F2 SHAKTI LIFE N8PLY ( ONLY TYRE IS COME TUBE WAS NOT COME WITH TYRE) 4 Wheeler Tyre,Tyres,"₹3,776",4.3,(41),41
Ralco 120/80 18 120/80 18 Rear Two Wheeler Tyre,Tyres,"₹2,472",3.7,(29),29
MRF 140/60R17 M/C 63P REVZ MG TUBELESS TYRE Rear Two Wheeler Tyre,Tyres,"₹3,400",4,(65),65
Maxxis MA-PD M0098 120/70-14 Rear Two Wheeler Tyre,Tyres,"₹2,036",4.3,(71),71
MRF 90/100-10 53J ZAPPER-C1 (New Model) 90/100-10 Front & Rear Two Wheeler Tyre,Tyres,"₹1,542",4.5,(64),64
CEAT 120/70-R12 ZOOM ZOOM MAX Rear Two Wheeler Tyre,Tyres,"₹1,799",4.1,(149),149
JK Taximax 4 Wheeler Tyre,Tyres,"₹3,099",4.2,(6),6
JK TYRE UX Royale 4 Wheeler Tyre,Tyres,"₹4,183",3.9,(55),55
Apollo APTERRA CROSS 4 Wheeler Tyre,Tyres,"₹5,263",4.5,(17),17
Apollo Amazer 4G Life 165/80 R14 85T Tubeless Car Tyre 4 Wheeler Tyre,Tyres,"₹12,422",4.4,(367),367
JK TYRE 215/60R17 UX ROYAL TUBE LESS CAR TYRE 4 Wheeler Tyre,Tyres,"₹4,887",4.4,(199),199
JK TYRE 205/65 R16 4 Wheeler Tyre,Tyres,"₹4,930",4.3,(57),57
Goodyear Kelly 82T VFM 7 4 Wheeler Tyre,Tyres,"₹3,670",4.2,(951),951
JK TYRE ULTIMA NEO 4 Wheeler Tyre,Tyres,"₹2,324",4,(737),737
GOODYEAR INDIA LIMITED ASSURANCE TRIPLEMAX 4 Wheeler Tyre,Tyres,"₹4,900",,,0
Apollo Alnac 4GS 215/60 R16 95H Tubeless Car Tyre 4 Wheeler Tyre,Tyres,"₹6,932",,,0
JK TYRE Ultima Hi Life 74 T 4 Wheeler Tyre,Tyres,"₹2,542",4.4,"(1,152)",1152
Goodyear Kelly VFM6 4 Wheeler Tyre,Tyres,"₹4,304",4,(80),80
JK TYRE 7.00R15 Steel King 12 PLY 4 Wheeler Tyre,Tyres,"₹9,819",4,(3),3
TVS 100/80 12 100/80 12 Front Two Wheeler Tyre,Tyres,"₹1,559",4.4,(262),262
jk tyres 155/80 R13 TAXIMAX TL 4 Wheeler Tyre,Tyres,"₹3,251",,,0
vsr 2.75-18 Rib Front Two Wheeler Tyre,Tyres,"₹1,265",3.9,(310),310
JK RANGER H/T 4 Wheeler Tyre,Tyres,"₹10,855",4.6,(21),21
Goodyear Kelly VFM3 4 Wheeler Tyre,Tyres,"₹2,892",4.1,"(1,098)",1098
Ralco 120/70-14 120/70-14 Rear Two Wheeler Tyre,Tyres,"₹1,918",4.3,(101),101
jk tyres 175/65 R14 TAXIMAX TL 4 Wheeler Tyre,Tyres,"₹3,799",,,0
JK TYRE Ranger X A/T 4 Wheeler Tyre,Tyres,"₹11,061",4.5,(42),42
Goodyear Kelly VFM2 4 Wheeler Tyre,Tyres,"₹2,259",3.8,(20),20
JK TYRE TYRE BLAZE BA21 90/100-10 (TUBE LESS) Front & Rear Tyre BA21 90/100-10 Rear Two Wheeler Tyre,Tyres,"₹1,097",4.2,(508),508
JK TYRE BLAZE BR34 80/100*18 Rear Two Wheeler Tyre,Tyres,"₹1,284",4.1,(396),396
MRF 130/80R12 Steel Master M147 TL 3 Wheeler Tyre,Tyres,"₹3,199",,,0
Maxxis M6240 120/80-18 (Limited Edition) Rear Two Wheeler Tyre,Tyres,"₹2,648",4,(37),37
JK TYRE RANGER HT2 4 Wheeler Tyre,Tyres,"₹5,387",3.9,(17),17
JK TYRE Taximax 4 Wheeler Tyre,Tyres,"₹4,147",4.4,"(1,348)",1348
Ralco 110/90-18 ECO RACER T/L 18 Front & Rear Two Wheeler Tyre,Tyres,"₹2,088",3.8,(17),17
GOODYEAR INDIA LIMITED WRL AT SILENTTRAC 4 Wheeler Tyre,Tyres,"₹17,150",,,0
JK TYRE 135/70r12 4 Wheeler Tyre,Tyres,"₹2,115",4.4,(96),96
Apollo AMAZER 74T AMAZER 4G LIFE 4 Wheeler Tyre,Tyres,"₹2,832",3.9,(16),16
CEAT 215/75R15 CrossDrive AT TL 100S SUV Tyre 4 Wheeler Tyre,Tyres,"₹5,490",4.3,(241),241
CEAT 155R13 Milaze LT TL 8PR 4 Wheeler Tyre,Tyres,"₹3,240",4.2,(107),107
MRF WANDERER STREET 205/60 R16 92H 4 Wheeler Tyre,Tyres,"₹11,225",4.2,(9),9
MRF with Doorstep Installation 245/55 R19 MARKUS 103H TUBELESS TYRE 4 Wheeler Tyre,Tyres,"₹15,014",,,0
JK TYRE Taximax 85 S 4 Wheeler Tyre,Tyres,"₹2,957",4.3,"(1,047)",1047
Goodyear Kelly KELLY VFM3 4 Wheeler Tyre,Tyres,"₹2,174",3.9,(84),84
Goodyear Kelly VFM6 4 Wheeler Tyre,Tyres,"₹9,586",4.5,(77),77
MRF 155/70 R13 75T ZVTS TUBELESS 4 Wheeler Tyre,Tyres,"₹3,370",4.1,(44),44
JK Taximax 4 Wheeler Tyre,Tyres,"₹3,099",4.2,(6),6
JK TYRE UX Royale 4 Wheeler Tyre,Tyres,"₹4,183",3.9,(55),55
Goodyear with Doorstep Installation KELLY 155/80 R13 VFM 3 79T TUBELESS TYRE 4 Wheeler Tyre,Tyres,"₹2,709",4.6,(14),14
GOODYEAR INDIA LIMITED ASSURANCE TRIPLEMAX 2 4 Wheeler Tyre,Tyres,"₹6,700",,,0
JK TYRE Ranger X A/T 4 Wheeler Tyre,Tyres,"₹11,061",4.5,(42),42
JK TYRE JK TYRES 195/80-D15 JUMBO KING HEAVY DUTY 4 Wheeler Tyre,Tyres,"₹5,945",4,(10),10
Goodyear Kelly 82T VFM 7 4 Wheeler Tyre,Tyres,"₹3,670",4.2,(951),951
JK TYRE ULTIMA NEO 4 Wheeler Tyre,Tyres,"₹2,324",4,(737),737
CEAT GRIPP X3 TL 53J 90/100-10 Front & Rear Two Wheeler Tyre,Tyres,"₹1,232",4.3,"(2,407)",2407
MICHELIN Pilot Street 2 TL 90/100 -10 Front & Rear Two Wheeler Tyre,Tyres,"₹1,619",4.5,(429),429
JK TYRE Ultima Hi Life 74 T 4 Wheeler Tyre,Tyres,"₹2,542",4.4,"(1,152)",1152
Goodyear Kelly VFM6 4 Wheeler Tyre,Tyres,"₹4,304",4,(80),80
Ralco 110/70 12 110/70 12 Front & Rear Two Wheeler Tyre,Tyres,"₹1,357",3.8,(49),49
TVS Eurogrip 2.75-18 42P 4PR 525M Front Two Wheeler Tyre,Tyres,"₹1,292",3.9,(78),78
vsr 2.75-18 Maxima Rear Two Wheeler Tyre,Tyres,"₹1,334",4,(262),262
MRF 90/100-10 53J ZAPPER-C1 (New Model) 90/100-10 Front & Rear Two Wheeler Tyre,Tyres,"₹1,542",4.5,(64),64
JK RANGER H/T 4 Wheeler Tyre,Tyres,"₹10,855",4.6,(21),21
Goodyear Kelly VFM3 4 Wheeler Tyre,Tyres,"₹2,892",4.1,"(1,098)",1098
MRF 150/60 R17 66H Revz D Rear Tubeless Tyre ( NEW MODEL ) 150/60R17 66H Rear Two Wheeler Tyre,Tyres,"₹4,526",4.3,(205),205
Apollo 100/80-17 ActiZip F5 Tubeless 100/80-17 Front Two Wheeler Tyre,Tyres,"₹1,884",4.4,(458),458
JK TYRE Ranger X A/T 4 Wheeler Tyre,Tyres,"₹11,061",4.5,(42),42
Goodyear Kelly VFM2 4 Wheeler Tyre,Tyres,"₹2,259",3.8,(20),20
CEAT 145/80R12 MILAZE X3 74T 4 Wheeler Tyre,Tyres,"₹2,528",4.3,(267),267
BRIDGESTONE D689 4 Wheeler Tyre,Tyres,"₹9,796",4.2,(55),55
Apollo Alnac 4g 4 Wheeler Tyre,Tyres,"₹5,565",4.2,(141),141
Apollo Alnac 4Gs 4 Wheeler Tyre,Tyres,"₹5,725",4.5,(70),70
JK TYRE RANGER HT2 4 Wheeler Tyre,Tyres,"₹5,387",3.9,(17),17
JK TYRE Taximax 4 Wheeler Tyre,Tyres,"₹4,147",4.4,"(1,348)",1348
Goodyear Kelly VFM 7 4 Wheeler Tyre,Tyres,"₹3,439",4.1,(127),127
vsr 6.00-16 Gold super agro tractor tyre (no tube in the package) 4 Wheeler Tyre,Tyres,"₹2,588",3.7,(22),22
JK TYRE 135/70r12 4 Wheeler Tyre,Tyres,"₹2,115",4.4,(96),96
Apollo AMAZER 74T AMAZER 4G LIFE 4 Wheeler Tyre,Tyres,"₹2,832",3.9,(16),16
Maxxis M6234 extramaxx 150/60-17 Rear Two Wheeler Tyre,Tyres,"₹3,379",4.3,(51),51
MICHELIN 110/70-R17 PILOT STREET 2 PILOT STREET 2 TUBELESS Front Two Wheeler Tyre,Tyres,"₹2,551",4.4,(242),242
Ralco 120/70 12 120/70 12 Rear Two Wheeler Tyre,Tyres,"₹1,576",4,(72),72
MRF 90/80-17 90/80-17 Front Two Wheeler Tyre,Tyres,"₹2,199",4.2,(119),119
JK TYRE Taximax 85 S 4 Wheeler Tyre,Tyres,"₹2,957",4.3,"(1,047)",1047
Goodyear Kelly KELLY VFM3 4 Wheeler Tyre,Tyres,"₹2,174",3.9,(84),84
MRF Zapper S 130/70-17 Rear Two Wheeler Tyre,Tyres,"₹2,748",4.2,(160),160
"MRF ZAPPER C 120/80 R17 61P Tubeless Motorcycle Rear Tyre (Dual Sport, Street, Racing Slicks, Tube Less) Rear Two Wheeler Tyre",Tyres,"₹2,521",4.2,(61),61
